﻿{
  "cls":"acer.universal",
  "text1":{
    "en":"Acer Strongly Recommends Norton",
    "es":"Acer recomienda fuertemente a Norton",
    "de":"Acer empfiehlt Norton dringend",
    "zhCN":"宏碁强烈推荐诺顿"
  },
  "text2":{
    "en":"Norton and Acer are teaming up to offer a special discount to help protect you and your devices.",
    "fr":"Norton et Acer s'associent pour vous offrir une réduction spéciale afin de vous protéger, vous et vos appareils.",
    "de":"Norton und Acer bieten gemeinsam einen speziellen Rabatt an, um Sie und Ihre Geräte zu schützen. Norton und Acer bieten gemeinsam einen speziellen Rabatt an, um Sie und Ihre Geräte zu schützen.",
    "zhCN":"诺顿和宏碁合作提供特价，帮助保护您和您的设备。"
  },
  "button1":{
    "en":"Get Offer",
    "es":"Obtener oferta",
    "de":"Angebot bekommen",
    "zhCN":"获取优惠"
  },
  "button2":{
    "en":"Save Offer",
    "es":"Guardar oferta",
    "de":"Angebot speichern",
    "zhCN":"保存优惠"
  },
  "dropdown1":{
    "en":"Item 1",
    "es":"Artículo 1",
    "de":"Punkt 1",
    "zhCN":"第1项"
  },
  "dropdown2":{
    "en":"Item 2",
    "es":"Artículo 2",
    "de":"Punkt 2",
    "zhCN":"第2项"
  },
  "dropdown3":{
    "en":"Item 3",
    "es":"Artículo 3",
    "de":"Punkt 3",
    "zhCN":"第3项"
  },
  "logo":"logo.png"
}
