﻿{
  "cls":"acer.classic",
  "text1":{
    "en":"Acer Strongly Recommends Norton",
    "es":"Acer recomienda fuertemente a Norton",
    "de":"Acer empfiehlt Norton dringend",
    "zhCN":"宏碁强烈推荐诺顿"
  },
  "text2":{
    "en":"Norton and Acer are teaming up to offer a special discount to help protect you and your devices.",
    "fr":"Norton et Acer s'associent pour vous offrir une réduction spéciale afin de vous protéger, vous et vos appareils.",
    "de":"Norton und Acer bieten gemeinsam einen speziellen Rabatt an, um Sie und Ihre Geräte zu schützen. Norton und Acer bieten gemeinsam einen speziellen Rabatt an, um Sie und Ihre Geräte zu schützen.",
    "zhCN":"诺顿和宏碁合作提供特价，帮助保护您和您的设备。"
  },
  "image":{
    "en":"hero-en.jpg",
    "de":"hero-de.jpg",
    "zhCN":"hero-zhCN.jpg"
  },
  "logo":"logo.png",
  "start":{
    "en":"Get Offer",
    "es":"Obtener oferta",
    "de":"Angebot bekommen",
    "zhCN":"获取优惠"
  },
  "save":{
    "en":"Save Offer",
    "es":"Guardar oferta",
    "de":"Angebot speichern",
    "zhCN":"保存优惠"
  },
  "saved":{
    "en":"Desktop shortcut created.",
    "es":"Acceso directo de escritorio creado.",
    "de":"Desktopverknüpfung erstellt",
    "zhCN":"桌面快捷方式已创建"
  },
  "dna":{
    "en":"Do not show this offer again",
    "es":"No mostrar esta oferta de nuevo",
    "de":"Zeige dieses Angebot nicht mehr",
    "zhCN":"不再显示此优惠"
  }
}
