﻿{
  "text1":{
	"fr":"Acer recommande vivement Norton",
	"de":"Acer empfiehlt nachdrücklich Norton",
	"es":"Acer recomienda a Norton ampliamente",
	"nl":"Acer beveelt Norton sterk aan",
	"it":"Acer raccomanda vivamente Norton",
	"ptBR":"A Acer recomenda enfaticamente o Norton",
	"en":"Acer Strongly Recommends Norton"
  },
  "text2":{
	"fr":"Norton et Acer font équipe pour vous offrir un rabais spécial et vous aider à protéger vos appareils.",
	"de":"Norton und Acer arbeiten an einem Sonderrabatt zusammen, um Sie und Ihre Geräte zu schützenl ",
	"es":"Norton y Acer se han asociado para ofrecer un descuento especial que le ayudará a protegerse, tanto a usted como a sus dispositivos.",
	"nl":"Norton en Acer werken samen met een speciale korting om u en uw apparaten te beschermen.",
	"it":"Norton e Acer collaborano assieme per offrire uno sconto speciale che aiuterà a proteggere te e le tue apparecchiature.",
	"ptBR":"O Norton e a Acer estão unidos para oferecer um desconto especial e ajudar a proteger você e seus dispositivos.",
	"en":"Norton and Acer are teaming up to offer a special discount to help protect you and your devices."
  },
  "image":{
	"fr":"Acer_PIF_720x360_FR.jpg",
	"de":"Acer_PIF_720x360_DE.jpg",
	"es":"Acer_PIF_720x360_ES.jpg",
	"nl":"Acer_PIF_720x360_NL.jpg",
	"it":"Acer_PIF_720x360_IT.jpg",
	"ptBR":"Acer_PIF_720x360_BR.jpg",
	"en":"Acer_PIF_720x360_EN.jpg"
  },
  "button1":{
	"fr":"Plus d'information",
	"de":"Mehr erfahren",
	"es":"Quiere saber más",
	"nl":"Meer te weten komen",
	"it":"Scopri di più",
	"ptBR":"Descubra mais",
	"en":"Learn More"
	},
  "button2":{
	"fr":"Fermer",
	"de":"Schließen",
	"es":"Ignoré",
	"nl":"Sluiten",
	"it":"Ignorare",
	"ptBR":"Fechar",
	"en":"Dismiss"
	},
  "logo":"logo.png"
}